item_name,Slot,Phase,instance_name,source_name,item_quality,item_id,url
Cloak of the Pit Stalker,Back,1,Magtheridon's Lair,Magtheridon,epic,28777,https://tbc.wowhead.com/item=28777
Brute Cloak of the Ogre-Magi,Back,1,Gruul's Lair,Maulgar,epic,28797,https://tbc.wowhead.com/item=28797
Drape of the Righteous,Back,1,Karazhan,Trash,epic,30642,https://tbc.wowhead.com/item=30642
Royal Cloak of Arathi Kings,Back,1,Karazhan,Moroes,epic,28529,https://tbc.wowhead.com/item=28529
Shadow-Cloak of Dalaran,Back,1,Karazhan,Moroes,epic,28570,https://tbc.wowhead.com/item=28570
Red Riding Hood's Cloak,Back,1,Karazhan,Opera Event,epic,28582,https://tbc.wowhead.com/item=28582
Gilded Thorium Cloak,Back,1,Karazhan,Illhoof,epic,28660,https://tbc.wowhead.com/item=28660
Shadowvine Cloak of Infusion,Back,1,Karazhan,Illhoof,epic,28653,https://tbc.wowhead.com/item=28653
Drape of the Dark Reavers,Back,1,Karazhan,Shade of Aran,epic,28672,https://tbc.wowhead.com/item=28672
Farstrider Wildercloak,Back,1,Karazhan,Malchezaar,epic,28764,https://tbc.wowhead.com/item=28764
Ruby Drape of the Mysticant,Back,1,Karazhan,Malchezaar,epic,28766,https://tbc.wowhead.com/item=28766
Stainless Cloak of the Pure Hearted,Back,1,Karazhan,Malchezaar,epic,28765,https://tbc.wowhead.com/item=28765
Phoenix-Wing Cloak,Back,2,Tempest Keep,Al'ar,epic,29925,https://tbc.wowhead.com/item=29925
Royal Cloak of the Sunstriders,Back,2,Tempest Keep,Kael'thas,epic,29992,https://tbc.wowhead.com/item=29992
Sunshower Light Cloak,Back,2,Tempest Keep,Kael'thas,epic,29989,https://tbc.wowhead.com/item=29989
Thalassian Wildercloak,Back,2,Tempest Keep,Kael'thas,epic,29994,https://tbc.wowhead.com/item=29994
Razor-Scale Battlecloak,Back,2,Serpentshrine Cavern,Morogrim,epic,30098,https://tbc.wowhead.com/item=30098
Nethervoid Cloak,Back,3,Black Temple,BT - Trash & Recipies,epic,32590,https://tbc.wowhead.com/item=32590
Pepe's Shroud of Pacification,Back,3,Black Temple,BT - Trash & Recipies,epic,34010,https://tbc.wowhead.com/item=34010
Shroud of the Final Stand,Back,3,Black Temple,BT - Trash & Recipies,epic,34012,https://tbc.wowhead.com/item=34012
Shadowmoon Destroyer's Drape,Back,3,Black Temple,BT - Gorefiend,epic,32323,https://tbc.wowhead.com/item=32323
Shroud of Forgiveness,Back,3,Black Temple,BT - Gurtogg,epic,32337,https://tbc.wowhead.com/item=32337
Cloak of the Illidari Council,Back,3,Black Temple,BT - Council,epic,32331,https://tbc.wowhead.com/item=32331
Shroud of the Highborne,Back,3,Black Temple,BT - Illidan,epic,32524,https://tbc.wowhead.com/item=32524
Nethervoid Cloak,Back,3,Hyjal Summit,MH - Trash & Recipies,epic,32590,https://tbc.wowhead.com/item=32590
Pepe's Shroud of Pacification,Back,3,Hyjal Summit,MH - Trash & Recipies,epic,34010,https://tbc.wowhead.com/item=34010
Chestguard of the Fallen Champion,Chest,1,Magtheridon's Lair,Magtheridon,epic,29754,https://tbc.wowhead.com/item=29754
Chestguard of the Fallen Defender,Chest,1,Magtheridon's Lair,Magtheridon,epic,29753,https://tbc.wowhead.com/item=29753
Chestguard of the Fallen Hero,Chest,1,Magtheridon's Lair,Magtheridon,epic,29755,https://tbc.wowhead.com/item=29755
Masquerade Gown,Chest,1,Karazhan,Opera Event,epic,28578,https://tbc.wowhead.com/item=28578
Breastplate of the Lightbinder,Chest,1,Karazhan,Illhoof,epic,28662,https://tbc.wowhead.com/item=28662
Earthblood Chestguard,Chest,1,Karazhan,Netherspite,epic,28735,https://tbc.wowhead.com/item=28735
Girdle of Truth,Chest,1,Karazhan,Netherspite,epic,28733,https://tbc.wowhead.com/item=28733
Chestguard of the Conniver,Chest,1,Karazhan,Nightbane,epic,28601,https://tbc.wowhead.com/item=28601
Panzar'Thar Breastplate,Chest,1,Karazhan,Nightbane,epic,28597,https://tbc.wowhead.com/item=28597
Robe of the Elder Scribes,Chest,1,Karazhan,Nightbane,epic,28602,https://tbc.wowhead.com/item=28602
Scaled Breastplate of Carnage,Chest,1,Karazhan,Nightbane,epic,28599,https://tbc.wowhead.com/item=28599
Stonebough Jerkin,Chest,1,Karazhan,Nightbane,epic,28600,https://tbc.wowhead.com/item=28600
Fire Crest Breastplate,Chest,2,Tempest Keep,Al'ar,epic,29921,https://tbc.wowhead.com/item=29921
Chestguard of the Vanquished Champion,Chest,2,Tempest Keep,Kael'thas,epic,30236,https://tbc.wowhead.com/item=30236
Chestguard of the Vanquished Defender,Chest,2,Tempest Keep,Kael'thas,epic,30237,https://tbc.wowhead.com/item=30237
Chestguard of the Vanquished Hero,Chest,2,Tempest Keep,Kael'thas,epic,30238,https://tbc.wowhead.com/item=30238
Ranger-General's Chestguard,Chest,2,Serpentshrine Cavern,Hydross,epic,30054,https://tbc.wowhead.com/item=30054
Robe of Hateful Echoes,Chest,2,Serpentshrine Cavern,Hydross,epic,30056,https://tbc.wowhead.com/item=30056
Glowing Breastplate of Truth,Chest,2,Serpentshrine Cavern,Lurker Below,epic,30065,https://tbc.wowhead.com/item=30065
Bloodsea Brigand's Vest,Chest,2,Serpentshrine Cavern,Karathress,epic,30101,https://tbc.wowhead.com/item=30101
Gnarled Chestpiece of the Ancients,Chest,2,Serpentshrine Cavern,Morogrim,epic,30075,https://tbc.wowhead.com/item=30075
Krakken-Heart Breastplate,Chest,2,Serpentshrine Cavern,Lady Vashj,epic,30102,https://tbc.wowhead.com/item=30102
Vestments of the Sea-Witch,Chest,2,Serpentshrine Cavern,Lady Vashj,epic,30107,https://tbc.wowhead.com/item=30107
Nether Shadow Tunic,Chest,3,Black Temple,BT - Supremus,epic,32252,https://tbc.wowhead.com/item=32252
Robe of the Shadow Council,Chest,3,Black Temple,BT - Gorefiend,epic,32327,https://tbc.wowhead.com/item=32327
Garments of Temperance,Chest,3,Black Temple,BT - Gurtogg,epic,32340,https://tbc.wowhead.com/item=32340
Vest of Mounting Assault,Chest,3,Black Temple,BT - Gurtogg,epic,32334,https://tbc.wowhead.com/item=32334
Heartshatter Breastplate,Chest,3,Black Temple,BT - Shahraz,epic,32365,https://tbc.wowhead.com/item=32365
Chestguard of the Forgotten Conqueror,Chest,3,Black Temple,BT - Illidan,epic,31089,https://tbc.wowhead.com/item=31089
Chestguard of the Forgotten Protector,Chest,3,Black Temple,BT - Illidan,epic,31091,https://tbc.wowhead.com/item=31091
Chestguard of the Forgotten Vanquisher,Chest,3,Black Temple,BT - Illidan,epic,31090,https://tbc.wowhead.com/item=31090
Chestguard of Relentless Storms,Chest,3,Hyjal Summit,MH - Trash & Recipies,epic,32592,https://tbc.wowhead.com/item=32592
Golden Links of Restoration,Chest,3,Hyjal Summit,MH - Anetheron,epic,30887,https://tbc.wowhead.com/item=30887
Don Rodrigo's Poncho,Chest,3,Hyjal Summit,MH - Azgalor,epic,30899,https://tbc.wowhead.com/item=30899
Glory of the Defender,Chest,3,Hyjal Summit,MH - Azgalor,epic,30896,https://tbc.wowhead.com/item=30896
Mail of Fevered Pursuit,Chest,3,Hyjal Summit,MH - Archimonde,epic,30907,https://tbc.wowhead.com/item=30907
Midnight Chestguard,Chest,3,Hyjal Summit,MH - Archimonde,epic,30905,https://tbc.wowhead.com/item=30905
Robes of Rhonin,Chest,3,Hyjal Summit,MH - Archimonde,epic,30913,https://tbc.wowhead.com/item=30913
Savior's Grasp,Chest,3,Hyjal Summit,MH - Archimonde,epic,30904,https://tbc.wowhead.com/item=30904
Windshear Boots,Feet,1,Gruul's Lair,Gruul,epic,28810,https://tbc.wowhead.com/item=28810
Boots of Elusion,Feet,1,Karazhan,Trash,epic,30641,https://tbc.wowhead.com/item=30641
Zierhut's Lost Treads,Feet,1,Karazhan,Trash,epic,30674,https://tbc.wowhead.com/item=30674
Glider's Boots,Feet,1,Karazhan,Servants,epic,30681,https://tbc.wowhead.com/item=30681
Glider's Foot-Wraps,Feet,1,Karazhan,Servants,epic,30680,https://tbc.wowhead.com/item=30680
Glider's Greaves,Feet,1,Karazhan,Servants,epic,30683,https://tbc.wowhead.com/item=30683
Glider's Sabatons,Feet,1,Karazhan,Servants,epic,30682,https://tbc.wowhead.com/item=30682
Boots of Valiance,Feet,1,Karazhan,Moroes,epic,28569,https://tbc.wowhead.com/item=28569
Edgewalker Longboots,Feet,1,Karazhan,Moroes,epic,28545,https://tbc.wowhead.com/item=28545
Boots of Foretelling,Feet,1,Karazhan,Maiden,epic,28517,https://tbc.wowhead.com/item=28517
Ruby Slippers,Feet,1,Karazhan,Opera Event,epic,28585,https://tbc.wowhead.com/item=28585
Battlescar Boots,Feet,1,Karazhan,Chess Event,epic,28747,https://tbc.wowhead.com/item=28747
Fiend Slayer Boots,Feet,1,Karazhan,Chess Event,epic,28746,https://tbc.wowhead.com/item=28746
Forestlord Striders,Feet,1,Karazhan,Chess Event,epic,28752,https://tbc.wowhead.com/item=28752
Boots of the Incorrupt,Feet,1,Karazhan,Shade of Aran,epic,28663,https://tbc.wowhead.com/item=28663
Boots of the Infernal Coven,Feet,1,Karazhan,Shade of Aran,epic,28670,https://tbc.wowhead.com/item=28670
Rapscallion Boots,Feet,1,Karazhan,Shade of Aran,epic,28669,https://tbc.wowhead.com/item=28669
Ferocious Swift-Kickers,Feet,1,Karazhan,Nightbane,epic,28610,https://tbc.wowhead.com/item=28610
Ironstriders of Urgency,Feet,1,Karazhan,Nightbane,epic,28608,https://tbc.wowhead.com/item=28608
Pattern: Boots of Blasting,Feet,2,Tempest Keep,Recipes,epic,30282,https://tbc.wowhead.com/item=30282
Pattern: Boots of Natural Grace,Feet,2,Tempest Keep,Recipes,epic,30305,https://tbc.wowhead.com/item=30305
Pattern: Boots of the Crimson Hawk,Feet,2,Tempest Keep,Recipes,epic,30307,https://tbc.wowhead.com/item=30307
Pattern: Boots of the Long Road,Feet,2,Tempest Keep,Recipes,epic,30283,https://tbc.wowhead.com/item=30283
Pattern: Boots of Utter Darkness,Feet,2,Tempest Keep,Recipes,epic,30306,https://tbc.wowhead.com/item=30306
Pattern: Hurricane Boots,Feet,2,Tempest Keep,Recipes,epic,30308,https://tbc.wowhead.com/item=30308
Plans: Boots of the Protector,Feet,2,Tempest Keep,Recipes,epic,30323,https://tbc.wowhead.com/item=30323
Plans: Red Havoc Boots,Feet,2,Tempest Keep,Recipes,epic,30324,https://tbc.wowhead.com/item=30324
Boots of the Resilient,Feet,2,Tempest Keep,Solarian,epic,32267,https://tbc.wowhead.com/item=32267
Star-Strider Boots,Feet,2,Tempest Keep,Solarian,epic,29951,https://tbc.wowhead.com/item=29951
Boots of Courage Unending,Feet,2,Serpentshrine Cavern,Trash,epic,30027,https://tbc.wowhead.com/item=30027
Pattern: Boots of Blasting,Feet,2,Serpentshrine Cavern,Recipes,epic,30282,https://tbc.wowhead.com/item=30282
Pattern: Boots of Natural Grace,Feet,2,Serpentshrine Cavern,Recipes,epic,30305,https://tbc.wowhead.com/item=30305
Pattern: Boots of the Crimson Hawk,Feet,2,Serpentshrine Cavern,Recipes,epic,30307,https://tbc.wowhead.com/item=30307
Pattern: Boots of the Long Road,Feet,2,Serpentshrine Cavern,Recipes,epic,30283,https://tbc.wowhead.com/item=30283
Pattern: Boots of Utter Darkness,Feet,2,Serpentshrine Cavern,Recipes,epic,30306,https://tbc.wowhead.com/item=30306
Pattern: Hurricane Boots,Feet,2,Serpentshrine Cavern,Recipes,epic,30308,https://tbc.wowhead.com/item=30308
Plans: Boots of the Protector,Feet,2,Serpentshrine Cavern,Recipes,epic,30323,https://tbc.wowhead.com/item=30323
Plans: Red Havoc Boots,Feet,2,Serpentshrine Cavern,Recipes,epic,30324,https://tbc.wowhead.com/item=30324
Boots of the Shifting Nightmare,Feet,2,Serpentshrine Cavern,Hydross,epic,30050,https://tbc.wowhead.com/item=30050
Boots of Effortless Striking,Feet,2,Serpentshrine Cavern,Lurker Below,epic,30060,https://tbc.wowhead.com/item=30060
Tempest-Strider Boots,Feet,2,Serpentshrine Cavern,Lurker Below,epic,30066,https://tbc.wowhead.com/item=30066
Velvet Boots of the Guardian,Feet,2,Serpentshrine Cavern,Lurker Below,epic,30067,https://tbc.wowhead.com/item=30067
Orca-Hide Boots,Feet,2,Serpentshrine Cavern,Leotheras,epic,30092,https://tbc.wowhead.com/item=30092
Soul-Strider Boots,Feet,2,Serpentshrine Cavern,Karathress,epic,30100,https://tbc.wowhead.com/item=30100
Warboots of Obliteration,Feet,2,Serpentshrine Cavern,Morogrim,epic,30081,https://tbc.wowhead.com/item=30081
Cobra-Lash Boots,Feet,2,Serpentshrine Cavern,Lady Vashj,epic,30104,https://tbc.wowhead.com/item=30104
Boots of the Divine Light,Feet,3,Black Temple,BT - Trash & Recipies,epic,32609,https://tbc.wowhead.com/item=32609
Treads of the Den Mother,Feet,3,Black Temple,BT - Trash & Recipies,epic,32593,https://tbc.wowhead.com/item=32593
Boots of Oceanic Fury,Feet,3,Black Temple,BT - Naj'entus,epic,32242,https://tbc.wowhead.com/item=32242
Pearl Inlaid Boots,Feet,3,Black Temple,BT - Naj'entus,epic,32243,https://tbc.wowhead.com/item=32243
Slippers of the Seacaller,Feet,3,Black Temple,BT - Naj'entus,epic,32239,https://tbc.wowhead.com/item=32239
Tide-stomper's Greaves,Feet,3,Black Temple,BT - Naj'entus,epic,32245,https://tbc.wowhead.com/item=32245
Myrmidon's Treads,Feet,3,Black Temple,BT - Shade,epic,32268,https://tbc.wowhead.com/item=32268
Softstep Boots of Tracking,Feet,3,Black Temple,BT - Gorefiend,epic,32510,https://tbc.wowhead.com/item=32510
Dreadboots of the Legion,Feet,3,Black Temple,BT - Reliquary,epic,32345,https://tbc.wowhead.com/item=32345
Naturewarden's Treads,Feet,3,Black Temple,BT - Reliquary,epic,32352,https://tbc.wowhead.com/item=32352
Shadowmaster's Boots,Feet,3,Black Temple,BT - Shahraz,epic,32366,https://tbc.wowhead.com/item=32366
Boots of the Divine Light,Feet,3,Hyjal Summit,MH - Trash & Recipies,epic,32609,https://tbc.wowhead.com/item=32609
Stillwater Boots,Feet,3,Hyjal Summit,MH - Winterchill,epic,30873,https://tbc.wowhead.com/item=30873
Archbishop's Slippers,Feet,3,Hyjal Summit,MH - Anetheron,epic,30885,https://tbc.wowhead.com/item=30885
Enchanted Leather Sandals,Feet,3,Hyjal Summit,MH - Anetheron,epic,30886,https://tbc.wowhead.com/item=30886
Quickstrider Moccasins,Feet,3,Hyjal Summit,MH - Anetheron,epic,30880,https://tbc.wowhead.com/item=30880
Black Featherlight Boots,Feet,3,Hyjal Summit,MH - Kaz'rogal,epic,30891,https://tbc.wowhead.com/item=30891
Blue Suede Shoes,Feet,3,Hyjal Summit,MH - Kaz'rogal,epic,30894,https://tbc.wowhead.com/item=30894
Magtheridon's Head,Finger,1,Magtheridon's Lair,Magtheridon,epic,32385,https://tbc.wowhead.com/item=32385
Ring of Unrelenting Storms,Finger,1,Karazhan,Trash,epic,30667,https://tbc.wowhead.com/item=30667
Spectral Band of Innervation,Finger,1,Karazhan,Attumen,epic,28510,https://tbc.wowhead.com/item=28510
Garona's Signet Ring,Finger,1,Karazhan,The Curator,epic,28649,https://tbc.wowhead.com/item=28649
Ring of Recurrence,Finger,1,Karazhan,Chess Event,epic,28753,https://tbc.wowhead.com/item=28753
Mender's Heart-Ring,Finger,1,Karazhan,Illhoof,epic,28661,https://tbc.wowhead.com/item=28661
Shermanar Great-Ring,Finger,1,Karazhan,Shade of Aran,epic,28675,https://tbc.wowhead.com/item=28675
Mithril Band of the Unscarred,Finger,1,Karazhan,Netherspite,epic,28730,https://tbc.wowhead.com/item=28730
Jade Ring of the Everliving,Finger,1,Karazhan,Malchezaar,epic,28763,https://tbc.wowhead.com/item=28763
Ring of a Thousand Marks,Finger,1,Karazhan,Malchezaar,epic,28757,https://tbc.wowhead.com/item=28757
Seventh Ring of the Tirisfalen,Finger,2,Tempest Keep,Trash,epic,30028,https://tbc.wowhead.com/item=30028
Band of Al'ar,Finger,2,Tempest Keep,Al'ar,epic,29922,https://tbc.wowhead.com/item=29922
Phoenix-Ring of Rebirth,Finger,2,Tempest Keep,Al'ar,epic,29920,https://tbc.wowhead.com/item=29920
Band of the Ranger-General,Finger,2,Tempest Keep,Kael'thas,epic,29997,https://tbc.wowhead.com/item=29997
Band of Vile Aggression,Finger,2,Serpentshrine Cavern,Hydross,epic,33055,https://tbc.wowhead.com/item=33055
Ring of Lethality,Finger,2,Serpentshrine Cavern,Hydross,epic,30052,https://tbc.wowhead.com/item=30052
Ancestral Ring of Conquest,Finger,2,Serpentshrine Cavern,Lurker Below,epic,30061,https://tbc.wowhead.com/item=30061
The Seal of Danzalar,Finger,2,Serpentshrine Cavern,Lurker Below,epic,33054,https://tbc.wowhead.com/item=33054
Band of the Vigilant,Finger,2,Serpentshrine Cavern,Morogrim,epic,33058,https://tbc.wowhead.com/item=33058
Ring of Sundered Souls,Finger,2,Serpentshrine Cavern,Morogrim,epic,30083,https://tbc.wowhead.com/item=30083
Coral Band of the Revived,Finger,2,Serpentshrine Cavern,Lady Vashj,epic,30110,https://tbc.wowhead.com/item=30110
Ring of Endless Coils,Finger,2,Serpentshrine Cavern,Lady Vashj,epic,30109,https://tbc.wowhead.com/item=30109
Band of Devastation,Finger,3,Black Temple,BT - Trash & Recipies,epic,32526,https://tbc.wowhead.com/item=32526
Blessed Band of Karabor,Finger,3,Black Temple,BT - Trash & Recipies,epic,32528,https://tbc.wowhead.com/item=32528
Ring of Ancient Knowledge,Finger,3,Black Temple,BT - Trash & Recipies,epic,32527,https://tbc.wowhead.com/item=32527
Ring of Calming Waves,Finger,3,Black Temple,BT - Naj'entus,epic,32238,https://tbc.wowhead.com/item=32238
Ring of Captured Storms,Finger,3,Black Temple,BT - Naj'entus,epic,32247,https://tbc.wowhead.com/item=32247
Band of the Abyssal Lord,Finger,3,Black Temple,BT - Supremus,epic,32261,https://tbc.wowhead.com/item=32261
Ring of Deceitful Intent,Finger,3,Black Temple,BT - Shade,epic,32266,https://tbc.wowhead.com/item=32266
Unstoppable Aggressor's Ring,Finger,3,Black Temple,BT - Gurtogg,epic,32335,https://tbc.wowhead.com/item=32335
Stormrage Signet Ring,Finger,3,Black Temple,BT - Illidan,epic,32497,https://tbc.wowhead.com/item=32497
Liar's Tongue Gloves,Hands,1,Magtheridon's Lair,Magtheridon,epic,28776,https://tbc.wowhead.com/item=28776
Soul-Eater's Handwraps,Hands,1,Magtheridon's Lair,Magtheridon,epic,28780,https://tbc.wowhead.com/item=28780
Gauntlets of Martial Perfection,Hands,1,Gruul's Lair,Gruul,epic,28824,https://tbc.wowhead.com/item=28824
Gauntlets of the Dragonslayer,Hands,1,Gruul's Lair,Gruul,epic,28827,https://tbc.wowhead.com/item=28827
Grasp of the Dead,Hands,1,Karazhan,Trash,epic,30668,https://tbc.wowhead.com/item=30668
Grips of Deftness,Hands,1,Karazhan,Trash,epic,30644,https://tbc.wowhead.com/item=30644
Gloves of Dexterous Manipulation,Hands,1,Karazhan,Attumen,epic,28506,https://tbc.wowhead.com/item=28506
Gloves of Saintly Blessings,Hands,1,Karazhan,Attumen,epic,28508,https://tbc.wowhead.com/item=28508
Handwraps of Flowing Thought,Hands,1,Karazhan,Attumen,epic,28507,https://tbc.wowhead.com/item=28507
Gloves of Centering,Hands,1,Karazhan,Maiden,epic,28520,https://tbc.wowhead.com/item=28520
Gloves of Quickening,Hands,1,Karazhan,Maiden,epic,28519,https://tbc.wowhead.com/item=28519
Iron Gauntlets of the Maiden,Hands,1,Karazhan,Maiden,epic,28518,https://tbc.wowhead.com/item=28518
Mitts of the Treemender,Hands,1,Karazhan,Maiden,epic,28521,https://tbc.wowhead.com/item=28521
Gloves of the Fallen Champion,Hands,1,Karazhan,The Curator,epic,29757,https://tbc.wowhead.com/item=29757
Gloves of the Fallen Defender,Hands,1,Karazhan,The Curator,epic,29758,https://tbc.wowhead.com/item=29758
Gloves of the Fallen Hero,Hands,1,Karazhan,The Curator,epic,29756,https://tbc.wowhead.com/item=29756
Bark-Gloves of Ancient Wisdom,Hands,2,Tempest Keep,Trash,epic,30029,https://tbc.wowhead.com/item=30029
Gloves of the Searing Grip,Hands,2,Tempest Keep,Al'ar,epic,29947,https://tbc.wowhead.com/item=29947
Worldstorm Gauntlets,Hands,2,Tempest Keep,Solarian,epic,29976,https://tbc.wowhead.com/item=29976
Gauntlets of the Sun King,Hands,2,Tempest Keep,Kael'thas,epic,29987,https://tbc.wowhead.com/item=29987
Royal Gauntlets of Silvermoon,Hands,2,Tempest Keep,Kael'thas,epic,29998,https://tbc.wowhead.com/item=29998
Gloves of the Vanquished Champion,Hands,2,Serpentshrine Cavern,Leotheras,epic,30239,https://tbc.wowhead.com/item=30239
Gloves of the Vanquished Defender,Hands,2,Serpentshrine Cavern,Leotheras,epic,30240,https://tbc.wowhead.com/item=30240
Gloves of the Vanquished Hero,Hands,2,Serpentshrine Cavern,Leotheras,epic,30241,https://tbc.wowhead.com/item=30241
Glorious Gauntlets of Crestfall,Hands,2,Serpentshrine Cavern,Lady Vashj,epic,30112,https://tbc.wowhead.com/item=30112
Pillager's Gauntlets,Hands,3,Black Temple,BT - Trash & Recipies,epic,32608,https://tbc.wowhead.com/item=32608
Fists of Mukoa,Hands,3,Black Temple,BT - Naj'entus,epic,32234,https://tbc.wowhead.com/item=32234
Grips of Silent Justice,Hands,3,Black Temple,BT - Shade,epic,32278,https://tbc.wowhead.com/item=32278
Spiritwalker Gauntlets,Hands,3,Black Temple,BT - Shade,epic,32275,https://tbc.wowhead.com/item=32275
Botanist's Gloves of Growth,Hands,3,Black Temple,BT - Gorefiend,epic,32328,https://tbc.wowhead.com/item=32328
Gauntlets of Enforcement,Hands,3,Black Temple,BT - Gorefiend,epic,32280,https://tbc.wowhead.com/item=32280
Gloves of Unfailing Faith,Hands,3,Black Temple,BT - Reliquary,epic,32353,https://tbc.wowhead.com/item=32353
Grips of Damnation,Hands,3,Black Temple,BT - Reliquary,epic,32347,https://tbc.wowhead.com/item=32347
Gloves of the Forgotten Conqueror,Hands,3,Hyjal Summit,MH - Azgalor,epic,31092,https://tbc.wowhead.com/item=31092
Gloves of the Forgotten Protector,Hands,3,Hyjal Summit,MH - Azgalor,epic,31094,https://tbc.wowhead.com/item=31094
Gloves of the Forgotten Vanquisher,Hands,3,Hyjal Summit,MH - Azgalor,epic,31093,https://tbc.wowhead.com/item=31093
Thundering Greathelm,Head,1,Magtheridon's Lair,Magtheridon,epic,28775,https://tbc.wowhead.com/item=28775
Malefic Mask of the Shadows,Head,1,Gruul's Lair,Maulgar,epic,28796,https://tbc.wowhead.com/item=28796
Maulgar's Warhelm,Head,1,Gruul's Lair,Maulgar,epic,28801,https://tbc.wowhead.com/item=28801
Collar of Cho'gall,Head,1,Gruul's Lair,Gruul,epic,28804,https://tbc.wowhead.com/item=28804
Cowl of Nature's Breath,Head,1,Gruul's Lair,Gruul,epic,28803,https://tbc.wowhead.com/item=28803
Big Bad Wolf's Head,Head,1,Karazhan,Opera Event,epic,28583,https://tbc.wowhead.com/item=28583
Eternium Greathelm,Head,1,Karazhan,Opera Event,epic,28593,https://tbc.wowhead.com/item=28593
Wicked Witch's Hat,Head,1,Karazhan,Opera Event,epic,28586,https://tbc.wowhead.com/item=28586
Headdress of the High Potentate,Head,1,Karazhan,Chess Event,epic,28756,https://tbc.wowhead.com/item=28756
Steelspine Faceguard,Head,1,Karazhan,Shade of Aran,epic,28671,https://tbc.wowhead.com/item=28671
Cowl of Defiance,Head,1,Karazhan,Netherspite,epic,28732,https://tbc.wowhead.com/item=28732
Uni-Mind Headdress,Head,1,Karazhan,Netherspite,epic,28744,https://tbc.wowhead.com/item=28744
Helm of the Fallen Champion,Head,1,Karazhan,Malchezaar,epic,29760,https://tbc.wowhead.com/item=29760
Helm of the Fallen Defender,Head,1,Karazhan,Malchezaar,epic,29761,https://tbc.wowhead.com/item=29761
Helm of the Fallen Hero,Head,1,Karazhan,Malchezaar,epic,29759,https://tbc.wowhead.com/item=29759
Cowl of the Grand Engineer,Head,2,Tempest Keep,Void Reaver,epic,29986,https://tbc.wowhead.com/item=29986
Fel-Steel Warhelm,Head,2,Tempest Keep,Void Reaver,epic,29983,https://tbc.wowhead.com/item=29983
Crown of the Sun,Head,2,Tempest Keep,Kael'thas,epic,29990,https://tbc.wowhead.com/item=29990
Brighthelm of Justice,Head,2,Serpentshrine Cavern,Hydross,epic,30048,https://tbc.wowhead.com/item=30048
Helm of the Vanquished Champion,Head,2,Serpentshrine Cavern,Lady Vashj,epic,30242,https://tbc.wowhead.com/item=30242
Helm of the Vanquished Defender,Head,2,Serpentshrine Cavern,Lady Vashj,epic,30243,https://tbc.wowhead.com/item=30243
Helm of the Vanquished Hero,Head,2,Serpentshrine Cavern,Lady Vashj,epic,30244,https://tbc.wowhead.com/item=30244
Guise of the Tidal Lurker,Head,3,Black Temple,BT - Naj'entus,epic,32240,https://tbc.wowhead.com/item=32240
Helm of Soothing Currents,Head,3,Black Temple,BT - Naj'entus,epic,32241,https://tbc.wowhead.com/item=32241
Cowl of Benevolence,Head,3,Black Temple,BT - Gorefiend,epic,32329,https://tbc.wowhead.com/item=32329
Crown of Empowered Fate,Head,3,Black Temple,BT - Reliquary,epic,32354,https://tbc.wowhead.com/item=32354
Forest Prowler's Helm,Head,3,Black Temple,BT - Council,epic,32376,https://tbc.wowhead.com/item=32376
Helm of the Illidari Shatterer,Head,3,Black Temple,BT - Council,epic,32373,https://tbc.wowhead.com/item=32373
Cowl of the Illidari High Lord,Head,3,Black Temple,BT - Illidan,epic,32525,https://tbc.wowhead.com/item=32525
Cursed Vision of Sargeras,Head,3,Black Temple,BT - Illidan,epic,32235,https://tbc.wowhead.com/item=32235
Faceplate of the Impenetrable,Head,3,Black Temple,BT - Illidan,epic,32521,https://tbc.wowhead.com/item=32521
Helm of the Forgotten Conqueror,Head,3,Hyjal Summit,MH - Archimonde,epic,31097,https://tbc.wowhead.com/item=31097
Helm of the Forgotten Protector,Head,3,Hyjal Summit,MH - Archimonde,epic,31095,https://tbc.wowhead.com/item=31095
Helm of the Forgotten Vanquisher,Head,3,Hyjal Summit,MH - Archimonde,epic,31096,https://tbc.wowhead.com/item=31096
Leggings of the Fallen Champion,Legs,1,Gruul's Lair,Gruul,epic,29766,https://tbc.wowhead.com/item=29766
Leggings of the Fallen Defender,Legs,1,Gruul's Lair,Gruul,epic,29767,https://tbc.wowhead.com/item=29767
Leggings of the Fallen Hero,Legs,1,Gruul's Lair,Gruul,epic,29765,https://tbc.wowhead.com/item=29765
Earthsoul Leggings,Legs,1,Karazhan,Opera Event,epic,28591,https://tbc.wowhead.com/item=28591
Trial-Fire Trousers,Legs,1,Karazhan,Opera Event,epic,28594,https://tbc.wowhead.com/item=28594
Wrynn Dynasty Greaves,Legs,1,Karazhan,The Curator,epic,28621,https://tbc.wowhead.com/item=28621
Heart-Flame Leggings,Legs,1,Karazhan,Chess Event,epic,28751,https://tbc.wowhead.com/item=28751
Legplates of the Innocent,Legs,1,Karazhan,Chess Event,epic,28748,https://tbc.wowhead.com/item=28748
Pantaloons of Repentance,Legs,1,Karazhan,Netherspite,epic,28742,https://tbc.wowhead.com/item=28742
Rip-Flayer Leggings,Legs,1,Karazhan,Netherspite,epic,28740,https://tbc.wowhead.com/item=28740
Skulker's Greaves,Legs,1,Karazhan,Netherspite,epic,28741,https://tbc.wowhead.com/item=28741
Void Reaver Greaves,Legs,2,Tempest Keep,Void Reaver,epic,29985,https://tbc.wowhead.com/item=29985
Greaves of the Bloodwarder,Legs,2,Tempest Keep,Solarian,epic,29950,https://tbc.wowhead.com/item=29950
Star-Soul Breeches,Legs,2,Tempest Keep,Solarian,epic,29977,https://tbc.wowhead.com/item=29977
Trousers of the Astromancer,Legs,2,Tempest Keep,Solarian,epic,29972,https://tbc.wowhead.com/item=29972
Leggings of Murderous Intent,Legs,2,Tempest Keep,Kael'thas,epic,29995,https://tbc.wowhead.com/item=29995
Sunhawk Leggings,Legs,2,Tempest Keep,Kael'thas,epic,29991,https://tbc.wowhead.com/item=29991
Leggings of the Vanquished Champion,Legs,2,Serpentshrine Cavern,Karathress,epic,30245,https://tbc.wowhead.com/item=30245
Leggings of the Vanquished Defender,Legs,2,Serpentshrine Cavern,Karathress,epic,30246,https://tbc.wowhead.com/item=30246
Leggings of the Vanquished Hero,Legs,2,Serpentshrine Cavern,Karathress,epic,30247,https://tbc.wowhead.com/item=30247
Kilt of Immortal Nature,Legs,3,Black Temple,BT - Shade,epic,32271,https://tbc.wowhead.com/item=32271
Praetorian's Legguards,Legs,3,Black Temple,BT - Shade,epic,32263,https://tbc.wowhead.com/item=32263
Leggings of Divine Retribution,Legs,3,Black Temple,BT - Gurtogg,epic,32341,https://tbc.wowhead.com/item=32341
Leggings of Devastation,Legs,3,Black Temple,BT - Shahraz,epic,32367,https://tbc.wowhead.com/item=32367
Leggings of the Forgotten Conqueror,Legs,3,Black Temple,BT - Council,epic,31098,https://tbc.wowhead.com/item=31098
Leggings of the Forgotten Protector,Legs,3,Black Temple,BT - Council,epic,31100,https://tbc.wowhead.com/item=31100
Leggings of the Forgotten Vanquisher,Legs,3,Black Temple,BT - Council,epic,31099,https://tbc.wowhead.com/item=31099
Leggings of Channeled Elements,Legs,3,Hyjal Summit,MH - Kaz'rogal,epic,30916,https://tbc.wowhead.com/item=30916
Sun-touched Chain Leggings,Legs,3,Hyjal Summit,MH - Kaz'rogal,epic,30893,https://tbc.wowhead.com/item=30893
Bow-stitched Leggings,Legs,3,Hyjal Summit,MH - Azgalor,epic,30900,https://tbc.wowhead.com/item=30900
Shady Dealer's Pantaloons,Legs,3,Hyjal Summit,MH - Azgalor,epic,30898,https://tbc.wowhead.com/item=30898
Leggings of Eternity,Legs,3,Hyjal Summit,MH - Archimonde,epic,30912,https://tbc.wowhead.com/item=30912
Legguards of Endless Rage,Legs,3,Hyjal Summit,MH - Archimonde,epic,30903,https://tbc.wowhead.com/item=30903
Pit Lord's Satchel,N/A,1,Magtheridon's Lair,Magtheridon,epic,34845,https://tbc.wowhead.com/item=34845
Formula: Enchant Boots - Surefooted,N/A,1,Karazhan,Trash,common,22545,https://tbc.wowhead.com/item=22545
Pattern: Soulcloth Shoulders,N/A,1,Karazhan,Trash,epic,21903,https://tbc.wowhead.com/item=21903
Pattern: Soulcloth Vest,N/A,1,Karazhan,Trash,epic,21904,https://tbc.wowhead.com/item=21904
Fiery Warhorse's Reins,N/A,1,Karazhan,Attumen,epic,30480,https://tbc.wowhead.com/item=30480
Formula: Enchant Weapon - Mongoose,N/A,1,Karazhan,Moroes,rare,22559,https://tbc.wowhead.com/item=22559
Formula: Enchant Weapon - Soulfrost,N/A,1,Karazhan,Illhoof,rare,22561,https://tbc.wowhead.com/item=22561
Formula: Enchant Weapon - Sunfire,N/A,1,Karazhan,Shade of Aran,rare,22560,https://tbc.wowhead.com/item=22560
Teeth of Gruul,Neck,1,Gruul's Lair,Gruul,epic,28822,https://tbc.wowhead.com/item=28822
Ritssyn's Lost Pendant,Neck,1,Karazhan,Trash,epic,30666,https://tbc.wowhead.com/item=30666
Worgen Claw Necklace,Neck,1,Karazhan,Attumen,epic,28509,https://tbc.wowhead.com/item=28509
Brooch of Unquenchable Fury,Neck,1,Karazhan,Moroes,epic,28530,https://tbc.wowhead.com/item=28530
Barbed Choker of Discipline,Neck,1,Karazhan,Maiden,epic,28516,https://tbc.wowhead.com/item=28516
Mithril Chain of Heroism,Neck,1,Karazhan,Chess Event,epic,28745,https://tbc.wowhead.com/item=28745
Saberclaw Talisman,Neck,1,Karazhan,Shade of Aran,epic,28674,https://tbc.wowhead.com/item=28674
Shining Chain of the Afterworld,Neck,1,Karazhan,Netherspite,epic,28731,https://tbc.wowhead.com/item=28731
Emberspur Talisman,Neck,1,Karazhan,Nightbane,epic,28609,https://tbc.wowhead.com/item=28609
Adornment of Stolen Souls,Neck,1,Karazhan,Malchezaar,epic,28762,https://tbc.wowhead.com/item=28762
Verdant Sphere,Neck,2,Tempest Keep,Kael'thas,epic,32405,https://tbc.wowhead.com/item=32405
Pendant of the Perilous,Neck,2,Serpentshrine Cavern,Trash,epic,30022,https://tbc.wowhead.com/item=30022
Choker of Animalistic Fury,Neck,2,Serpentshrine Cavern,Lurker Below,epic,30059,https://tbc.wowhead.com/item=30059
Frayed Tether of the Drowned,Neck,2,Serpentshrine Cavern,Karathress,epic,30099,https://tbc.wowhead.com/item=30099
Pendant of the Lost Ages,Neck,2,Serpentshrine Cavern,Morogrim,epic,30008,https://tbc.wowhead.com/item=30008
Choker of Serrated Blades,Neck,3,Black Temple,BT - Trash & Recipies,epic,32591,https://tbc.wowhead.com/item=32591
Hellfire-Encased Pendant,Neck,3,Black Temple,BT - Trash & Recipies,epic,32589,https://tbc.wowhead.com/item=32589
Choker of Endless Nightmares,Neck,3,Black Temple,BT - Supremus,epic,32260,https://tbc.wowhead.com/item=32260
Pendant of Titans,Neck,3,Black Temple,BT - Reliquary,epic,32362,https://tbc.wowhead.com/item=32362
Translucent Spellthread Necklace,Neck,3,Black Temple,BT - Reliquary,epic,32349,https://tbc.wowhead.com/item=32349
Nadina's Pendant of Purity,Neck,3,Black Temple,BT - Shahraz,epic,32370,https://tbc.wowhead.com/item=32370
Choker of Serrated Blades,Neck,3,Hyjal Summit,MH - Trash & Recipies,epic,32591,https://tbc.wowhead.com/item=32591
Hellfire-Encased Pendant,Neck,3,Hyjal Summit,MH - Trash & Recipies,epic,32589,https://tbc.wowhead.com/item=32589
Ashtongue Talisman of Equilibrium,Non-Raid,3,Non-Raid,Non-Raid,,,
Band of the Eternal Champion,Non-Raid,3,Non-Raid,Non-Raid,,,
Darkmoon Card: Vengeance,Non-Raid,3,Non-Raid,Non-Raid,,,
Aegis of the Vindicator,Off Hand,1,Magtheridon's Lair,Magtheridon,epic,29458,https://tbc.wowhead.com/item=29458
Karaborian Talisman,Off Hand,1,Magtheridon's Lair,Magtheridon,epic,28781,https://tbc.wowhead.com/item=28781
Aldori Legacy Defender,Off Hand,1,Gruul's Lair,Gruul,epic,28825,https://tbc.wowhead.com/item=28825
Signet of Unshakable Faith,Off Hand,1,Karazhan,Moroes,epic,28525,https://tbc.wowhead.com/item=28525
Triptych Shield of the Ancients,Off Hand,1,Karazhan,Chess Event,epic,28754,https://tbc.wowhead.com/item=28754
Aran's Soothing Sapphire,Off Hand,1,Karazhan,Shade of Aran,epic,28728,https://tbc.wowhead.com/item=28728
Jewel of Infinite Possibilities,Off Hand,1,Karazhan,Netherspite,epic,28734,https://tbc.wowhead.com/item=28734
Dragonheart Flameshield,Off Hand,1,Karazhan,Nightbane,epic,28611,https://tbc.wowhead.com/item=28611
Shield of Impenetrable Darkness,Off Hand,1,Karazhan,Nightbane,epic,28606,https://tbc.wowhead.com/item=28606
Talisman of Nightbane,Off Hand,1,Karazhan,Nightbane,epic,28603,https://tbc.wowhead.com/item=28603
Talisman of the Sun King,Off Hand,2,Tempest Keep,Al'ar,epic,29923,https://tbc.wowhead.com/item=29923
Fathomstone,Off Hand,2,Serpentshrine Cavern,Hydross,epic,30049,https://tbc.wowhead.com/item=30049
Illidari Runeshield,Off Hand,3,Black Temple,BT - Trash & Recipies,epic,34011,https://tbc.wowhead.com/item=34011
Felstone Bulwark,Off Hand,3,Black Temple,BT - Supremus,epic,32255,https://tbc.wowhead.com/item=32255
Blind-Seers Icon,Off Hand,3,Black Temple,BT - Shade,epic,32361,https://tbc.wowhead.com/item=32361
Touch of Inspiration,Off Hand,3,Black Temple,BT - Reliquary,epic,32350,https://tbc.wowhead.com/item=32350
Bulwark of Azzinoth,Off Hand,3,Black Temple,BT - Illidan,epic,32375,https://tbc.wowhead.com/item=32375
Fist of Molten Fury,Off Hand,3,Hyjal Summit,MH - Trash & Recipies,epic,32945,https://tbc.wowhead.com/item=32945
Chronicle of Dark Secrets,Off Hand,3,Hyjal Summit,MH - Winterchill,epic,30872,https://tbc.wowhead.com/item=30872
Bastion of Light,Off Hand,3,Hyjal Summit,MH - Anetheron,epic,30882,https://tbc.wowhead.com/item=30882
Kaz'rogal's Hardened Heart,Off Hand,3,Hyjal Summit,MH - Kaz'rogal,epic,30889,https://tbc.wowhead.com/item=30889
Antonidas's Aegis of Rapt Concentration,Off Hand,3,Hyjal Summit,MH - Archimonde,epic,30909,https://tbc.wowhead.com/item=30909
Scepter of Purification,Off Hand,3,Hyjal Summit,MH - Archimonde,epic,30911,https://tbc.wowhead.com/item=30911
Eredar Wand of Obliteration,Ranged,1,Magtheridon's Lair,Magtheridon,epic,28783,https://tbc.wowhead.com/item=28783
Shuriken of Negation,Ranged,1,Gruul's Lair,Gruul,epic,28826,https://tbc.wowhead.com/item=28826
Steelhawk Crossbow,Ranged,1,Karazhan,Attumen,epic,28504,https://tbc.wowhead.com/item=28504
Idol of the Avian Heart,Ranged,1,Karazhan,Moroes,epic,28568,https://tbc.wowhead.com/item=28568
Totem of Healing Rains,Ranged,1,Karazhan,Maiden,epic,28523,https://tbc.wowhead.com/item=28523
Blue Diamond Witchwand,Ranged,1,Karazhan,Opera Event,epic,28588,https://tbc.wowhead.com/item=28588
Libram of Souls Redeemed,Ranged,1,Karazhan,Opera Event,epic,28592,https://tbc.wowhead.com/item=28592
Wolfslayer Sniper Rifle,Ranged,1,Karazhan,Opera Event,epic,28581,https://tbc.wowhead.com/item=28581
Xavian Stiletto,Ranged,1,Karazhan,Illhoof,epic,28659,https://tbc.wowhead.com/item=28659
Tirisfal Wand of Ascendancy,Ranged,1,Karazhan,Shade of Aran,epic,28673,https://tbc.wowhead.com/item=28673
Sunfury Bow of the Phoenix,Ranged,1,Karazhan,Malchezaar,epic,28772,https://tbc.wowhead.com/item=28772
Arcanite Steam-Pistol,Ranged,2,Tempest Keep,Al'ar,epic,29949,https://tbc.wowhead.com/item=29949
Wand of the Forgotten Star,Ranged,2,Tempest Keep,Solarian,epic,29982,https://tbc.wowhead.com/item=29982
Serpentshrine Shuriken,Ranged,2,Serpentshrine Cavern,Trash,epic,30025,https://tbc.wowhead.com/item=30025
Totem of the Maelstrom,Ranged,2,Serpentshrine Cavern,Trash,epic,30023,https://tbc.wowhead.com/item=30023
Idol of the Crescent Goddess,Ranged,2,Serpentshrine Cavern,Hydross,epic,30051,https://tbc.wowhead.com/item=30051
Libram of Absolute Truth,Ranged,2,Serpentshrine Cavern,Lurker Below,epic,30063,https://tbc.wowhead.com/item=30063
Luminescent Rod of the Naaru,Ranged,2,Serpentshrine Cavern,Morogrim,epic,30080,https://tbc.wowhead.com/item=30080
Serpent Spine Longbow,Ranged,2,Serpentshrine Cavern,Lady Vashj,epic,30105,https://tbc.wowhead.com/item=30105
Idol of the White Stag,Ranged,3,Black Temple,BT - Supremus,epic,32257,https://tbc.wowhead.com/item=32257
Legionkiller,Ranged,3,Black Temple,BT - Supremus,epic,32253,https://tbc.wowhead.com/item=32253
Rifle of the Stoic Guardian,Ranged,3,Black Temple,BT - Gorefiend,epic,32325,https://tbc.wowhead.com/item=32325
Totem of Ancestral Guidance,Ranged,3,Black Temple,BT - Gorefiend,epic,32330,https://tbc.wowhead.com/item=32330
Twisted Blades of Zarak,Ranged,3,Black Temple,BT - Gorefiend,epic,32326,https://tbc.wowhead.com/item=32326
Belt of Primal Majesty,Waist,3,Black Temple,BT - Gurtogg,epic,32339,https://tbc.wowhead.com/item=32339
Wand of Prismatic Focus,Ranged,3,Black Temple,BT - Gurtogg,epic,32343,https://tbc.wowhead.com/item=32343
Naaru-Blessed Life Rod,Ranged,3,Black Temple,BT - Reliquary,epic,32363,https://tbc.wowhead.com/item=32363
Tome of the Lightbringer,Ranged,3,Black Temple,BT - Shahraz,epic,32368,https://tbc.wowhead.com/item=32368
Black Bow of the Betrayer,Ranged,3,Black Temple,BT - Illidan,epic,32336,https://tbc.wowhead.com/item=32336
Bristleblitz Striker,Ranged,3,Hyjal Summit,MH - Archimonde,epic,30906,https://tbc.wowhead.com/item=30906
Pauldrons of the Fallen Champion,Shoulders,1,Gruul's Lair,Maulgar,epic,29763,https://tbc.wowhead.com/item=29763
Pauldrons of the Fallen Defender,Shoulders,1,Gruul's Lair,Maulgar,epic,29764,https://tbc.wowhead.com/item=29764
Pauldrons of the Fallen Hero,Shoulders,1,Gruul's Lair,Maulgar,epic,29762,https://tbc.wowhead.com/item=29762
Beastmaw Pauldrons,Shoulders,1,Karazhan,Opera Event,epic,28589,https://tbc.wowhead.com/item=28589
Dragon-Quake Shoulderguards,Shoulders,1,Karazhan,The Curator,epic,28631,https://tbc.wowhead.com/item=28631
Forest Wind Shoulderpads,Shoulders,1,Karazhan,The Curator,epic,28647,https://tbc.wowhead.com/item=28647
Pauldrons of the Solace-Giver,Shoulders,1,Karazhan,The Curator,epic,28612,https://tbc.wowhead.com/item=28612
Bladed Shoulderpads of the Merciless,Shoulders,1,Karazhan,Chess Event,epic,28755,https://tbc.wowhead.com/item=28755
Mantle of the Mind Flayer,Shoulders,1,Karazhan,Shade of Aran,epic,28726,https://tbc.wowhead.com/item=28726
Pauldrons of the Justice-Seeker,Shoulders,1,Karazhan,Shade of Aran,epic,28666,https://tbc.wowhead.com/item=28666
Mantle of Abrahmis,Shoulders,1,Karazhan,Netherspite,epic,28743,https://tbc.wowhead.com/item=28743
Mantle of the Elven Kings,Shoulders,2,Tempest Keep,Trash,epic,30024,https://tbc.wowhead.com/item=30024
Pauldrons of the Vanquished Champion,Shoulders,2,Tempest Keep,Void Reaver,epic,30248,https://tbc.wowhead.com/item=30248
Pauldrons of the Vanquished Defender,Shoulders,2,Tempest Keep,Void Reaver,epic,30249,https://tbc.wowhead.com/item=30249
Pauldrons of the Vanquished Hero,Shoulders,2,Tempest Keep,Void Reaver,epic,30250,https://tbc.wowhead.com/item=30250
Pauldrons of the Wardancer,Shoulders,2,Serpentshrine Cavern,Hydross,epic,30053,https://tbc.wowhead.com/item=30053
Shoulderpads of the Stranger,Shoulders,2,Serpentshrine Cavern,Hydross,epic,30055,https://tbc.wowhead.com/item=30055
Coral-Barbed Shoulderpads,Shoulders,2,Serpentshrine Cavern,Leotheras,epic,30097,https://tbc.wowhead.com/item=30097
Illidari Shoulderpads,Shoulders,2,Serpentshrine Cavern,Morogrim,epic,30079,https://tbc.wowhead.com/item=30079
Mantle of the Tireless Tracker,Shoulders,2,Serpentshrine Cavern,Morogrim,epic,30085,https://tbc.wowhead.com/item=30085
Pauldrons of the Argent Sentinel,Shoulders,2,Serpentshrine Cavern,Morogrim,epic,30084,https://tbc.wowhead.com/item=30084
Runetotem's Mantle,Shoulders,2,Serpentshrine Cavern,Lady Vashj,epic,30111,https://tbc.wowhead.com/item=30111
Pattern: Shoulders of Lightning Reflexes,Shoulders,3,Black Temple,BT - Trash & Recipies,epic,32749,https://tbc.wowhead.com/item=32749
Pattern: Swiftheal Mantle,Shoulders,3,Black Temple,BT - Trash & Recipies,epic,32753,https://tbc.wowhead.com/item=32753
Pattern: Swiftstrike Shoulders,Shoulders,3,Black Temple,BT - Trash & Recipies,epic,32747,https://tbc.wowhead.com/item=32747
Plans: Swiftsteel Shoulders,Shoulders,3,Black Temple,BT - Trash & Recipies,epic,32737,https://tbc.wowhead.com/item=32737
Mantle of Darkness,Shoulders,3,Black Temple,BT - Naj'entus,epic,32377,https://tbc.wowhead.com/item=32377
Pauldrons of Abyssal Fury,Shoulders,3,Black Temple,BT - Supremus,epic,32250,https://tbc.wowhead.com/item=32250
Amice of Brilliant Light,Shoulders,3,Black Temple,BT - Shade,epic,32273,https://tbc.wowhead.com/item=32273
Shoulders of the Hidden Predator,Shoulders,3,Black Temple,BT - Shade,epic,32264,https://tbc.wowhead.com/item=32264
Blood-cursed Shoulderpads,Shoulders,3,Black Temple,BT - Gurtogg,epic,32338,https://tbc.wowhead.com/item=32338
The Wavemender's Mantle,Shoulders,3,Black Temple,BT - Reliquary,epic,32517,https://tbc.wowhead.com/item=32517
Pauldrons of the Forgotten Conqueror,Shoulders,3,Black Temple,BT - Shahraz,epic,31101,https://tbc.wowhead.com/item=31101
Pauldrons of the Forgotten Protector,Shoulders,3,Black Temple,BT - Shahraz,epic,31103,https://tbc.wowhead.com/item=31103
Pauldrons of the Forgotten Vanquisher,Shoulders,3,Black Temple,BT - Shahraz,epic,31102,https://tbc.wowhead.com/item=31102
Veil of Turning Leaves,Shoulders,3,Black Temple,BT - Council,epic,32518,https://tbc.wowhead.com/item=32518
Pattern: Living Earth Shoulders,Shoulders,3,Hyjal Summit,MH - Trash & Recipies,epic,32751,https://tbc.wowhead.com/item=32751
Pattern: Mantle of Nimble Thought,Shoulders,3,Hyjal Summit,MH - Trash & Recipies,epic,32755,https://tbc.wowhead.com/item=32755
Pattern: Shoulderpads of Renewed Life,Shoulders,3,Hyjal Summit,MH - Trash & Recipies,epic,32745,https://tbc.wowhead.com/item=32745
Plans: Dawnsteel Shoulders,Shoulders,3,Hyjal Summit,MH - Trash & Recipies,epic,32739,https://tbc.wowhead.com/item=32739
Blood-stained Pauldrons,Shoulders,3,Hyjal Summit,MH - Winterchill,epic,30866,https://tbc.wowhead.com/item=30866
Glimmering Steel Mantle,Shoulders,3,Hyjal Summit,MH - Anetheron,epic,30878,https://tbc.wowhead.com/item=30878
Hatefury Mantle,Shoulders,3,Hyjal Summit,MH - Anetheron,epic,30884,https://tbc.wowhead.com/item=30884
Beast-tamer's Shoulders,Shoulders,3,Hyjal Summit,MH - Kaz'rogal,epic,30892,https://tbc.wowhead.com/item=30892
Razorfury Mantle,Shoulders,3,Hyjal Summit,MH - Kaz'rogal,epic,30917,https://tbc.wowhead.com/item=30917
Eye of Magtheridon,Trinket,1,Magtheridon's Lair,Magtheridon,epic,28789,https://tbc.wowhead.com/item=28789
Dragonspine Trophy,Trinket,1,Gruul's Lair,Gruul,epic,28830,https://tbc.wowhead.com/item=28830
Eye of Gruul,Trinket,1,Gruul's Lair,Gruul,epic,28823,https://tbc.wowhead.com/item=28823
Moroes' Lucky Pocket Watch,Trinket,1,Karazhan,Moroes,epic,28528,https://tbc.wowhead.com/item=28528
Ribbon of Sacrifice,Trinket,1,Karazhan,Opera Event,epic,28590,https://tbc.wowhead.com/item=28590
Romulo's Poison Vial,Trinket,1,Karazhan,Opera Event,epic,28579,https://tbc.wowhead.com/item=28579
The Lightning Capacitor,Trinket,1,Karazhan,Illhoof,epic,28785,https://tbc.wowhead.com/item=28785
Pendant of the Violet Eye,Trinket,1,Karazhan,Shade of Aran,epic,28727,https://tbc.wowhead.com/item=28727
Talon of Al'ar,Trinket,2,Tempest Keep,Al'ar,epic,30448,https://tbc.wowhead.com/item=30448
Tome of Fiery Redemption,Trinket,2,Tempest Keep,Al'ar,epic,30447,https://tbc.wowhead.com/item=30447
Fel Reaver's Piston,Trinket,2,Tempest Keep,Void Reaver,epic,30619,https://tbc.wowhead.com/item=30619
Warp-Spring Coil,Trinket,2,Tempest Keep,Void Reaver,epic,30450,https://tbc.wowhead.com/item=30450
Solarian's Sapphire,Trinket,2,Tempest Keep,Solarian,epic,30446,https://tbc.wowhead.com/item=30446
Void Star Talisman,Trinket,2,Tempest Keep,Solarian,epic,30449,https://tbc.wowhead.com/item=30449
Spyglass of the Hidden Fleet,Trinket,2,Serpentshrine Cavern,Trash,epic,30620,https://tbc.wowhead.com/item=30620
Living Root of the Wildheart,Trinket,2,Serpentshrine Cavern,Hydross,epic,30664,https://tbc.wowhead.com/item=30664
Scarab of Displacement,Trinket,2,Serpentshrine Cavern,Hydross,epic,30629,https://tbc.wowhead.com/item=30629
Earring of Soulful Meditation,Trinket,2,Serpentshrine Cavern,Lurker Below,epic,30665,https://tbc.wowhead.com/item=30665
Tsunami Talisman,Trinket,2,Serpentshrine Cavern,Leotheras,epic,30627,https://tbc.wowhead.com/item=30627
Fathom-Brooch of the Tidewalker,Trinket,2,Serpentshrine Cavern,Karathress,epic,30663,https://tbc.wowhead.com/item=30663
Sextant of Unstable Currents,Trinket,2,Serpentshrine Cavern,Karathress,epic,30626,https://tbc.wowhead.com/item=30626
Serpent-Coil Braid,Trinket,2,Serpentshrine Cavern,Morogrim,epic,30720,https://tbc.wowhead.com/item=30720
Prism of Inner Calm,Trinket,2,Serpentshrine Cavern,Lady Vashj,epic,30621,https://tbc.wowhead.com/item=30621
Shadowmoon Insignia,Trinket,3,Black Temple,BT - Gurtogg,epic,32501,https://tbc.wowhead.com/item=32501
Madness of the Betrayer,Trinket,3,Black Temple,BT - Council,epic,32505,https://tbc.wowhead.com/item=32505
Memento of Tyrande,Trinket,3,Black Temple,BT - Illidan,epic,32496,https://tbc.wowhead.com/item=32496
The Skull of Gul'dan,Trinket,3,Black Temple,BT - Illidan,epic,32483,https://tbc.wowhead.com/item=32483
Girdle of the Endless Pit,Waist,1,Magtheridon's Lair,Magtheridon,epic,28779,https://tbc.wowhead.com/item=28779
Terror Pit Girdle,Waist,1,Magtheridon's Lair,Magtheridon,epic,28778,https://tbc.wowhead.com/item=28778
Belt of Divine Inspiration,Waist,1,Gruul's Lair,Maulgar,epic,28799,https://tbc.wowhead.com/item=28799
Gronn-Stitched Girdle,Waist,1,Gruul's Lair,Gruul,epic,28828,https://tbc.wowhead.com/item=28828
Belt of the Tracker,Waist,1,Karazhan,Trash,epic,30643,https://tbc.wowhead.com/item=30643
Inferno Waist Cord,Waist,1,Karazhan,Trash,epic,30673,https://tbc.wowhead.com/item=30673
Lurker's Belt,Waist,1,Karazhan,Servants,epic,30677,https://tbc.wowhead.com/item=30677
Lurker's Cord,Waist,1,Karazhan,Servants,epic,30675,https://tbc.wowhead.com/item=30675
Lurker's Girdle,Waist,1,Karazhan,Servants,epic,30678,https://tbc.wowhead.com/item=30678
Lurker's Grasp,Waist,1,Karazhan,Servants,epic,30676,https://tbc.wowhead.com/item=30676
Belt of Gale Force,Waist,1,Karazhan,Moroes,epic,28567,https://tbc.wowhead.com/item=28567
Crimson Girdle of the Indomitable,Waist,1,Karazhan,Moroes,epic,28566,https://tbc.wowhead.com/item=28566
Nethershard Girdle,Waist,1,Karazhan,Moroes,epic,28565,https://tbc.wowhead.com/item=28565
Girdle of Treachery,Waist,1,Karazhan,Chess Event,epic,28750,https://tbc.wowhead.com/item=28750
Cincture of Will,Waist,1,Karazhan,Illhoof,epic,28652,https://tbc.wowhead.com/item=28652
Cord of Nature's Sustenance,Waist,1,Karazhan,Illhoof,epic,28655,https://tbc.wowhead.com/item=28655
Girdle of the Prowler,Waist,1,Karazhan,Illhoof,epic,28656,https://tbc.wowhead.com/item=28656
Malefic Girdle,Waist,1,Karazhan,Illhoof,epic,28654,https://tbc.wowhead.com/item=28654
Fire-Cord of the Magus,Waist,2,Tempest Keep,Trash,epic,30020,https://tbc.wowhead.com/item=30020
Girdle of Fallen Stars,Waist,2,Tempest Keep,Trash,epic,30030,https://tbc.wowhead.com/item=30030
Pattern: Belt of Blasting,Waist,2,Tempest Keep,Recipes,epic,30280,https://tbc.wowhead.com/item=30280
Pattern: Belt of Deep Shadow,Waist,2,Tempest Keep,Recipes,epic,30302,https://tbc.wowhead.com/item=30302
Pattern: Belt of Natural Power,Waist,2,Tempest Keep,Recipes,epic,30301,https://tbc.wowhead.com/item=30301
Pattern: Belt of the Black Eagle,Waist,2,Tempest Keep,Recipes,epic,30303,https://tbc.wowhead.com/item=30303
Pattern: Belt of the Long Road,Waist,2,Tempest Keep,Recipes,epic,30281,https://tbc.wowhead.com/item=30281
Pattern: Monsoon Belt,Waist,2,Tempest Keep,Recipes,epic,30304,https://tbc.wowhead.com/item=30304
Plans: Belt of the Guardian,Waist,2,Tempest Keep,Recipes,epic,30321,https://tbc.wowhead.com/item=30321
Plans: Red Belt of Battle,Waist,2,Tempest Keep,Recipes,epic,30322,https://tbc.wowhead.com/item=30322
Girdle of Zaetar,Waist,2,Tempest Keep,Void Reaver,epic,29984,https://tbc.wowhead.com/item=29984
Girdle of the Righteous Path,Waist,2,Tempest Keep,Solarian,epic,29965,https://tbc.wowhead.com/item=29965
Pattern: Belt of Blasting,Waist,2,Serpentshrine Cavern,Recipes,epic,30280,https://tbc.wowhead.com/item=30280
Pattern: Belt of Deep Shadow,Waist,2,Serpentshrine Cavern,Recipes,epic,30302,https://tbc.wowhead.com/item=30302
Pattern: Belt of Natural Power,Waist,2,Serpentshrine Cavern,Recipes,epic,30301,https://tbc.wowhead.com/item=30301
Pattern: Belt of the Black Eagle,Waist,2,Serpentshrine Cavern,Recipes,epic,30303,https://tbc.wowhead.com/item=30303
Pattern: Belt of the Long Road,Waist,2,Serpentshrine Cavern,Recipes,epic,30281,https://tbc.wowhead.com/item=30281
Pattern: Monsoon Belt,Waist,2,Serpentshrine Cavern,Recipes,epic,30304,https://tbc.wowhead.com/item=30304
Plans: Belt of the Guardian,Waist,2,Serpentshrine Cavern,Recipes,epic,30321,https://tbc.wowhead.com/item=30321
Plans: Red Belt of Battle,Waist,2,Serpentshrine Cavern,Recipes,epic,30322,https://tbc.wowhead.com/item=30322
Cord of Screaming Terrors,Waist,2,Serpentshrine Cavern,Lurker Below,epic,30064,https://tbc.wowhead.com/item=30064
Girdle of the Invulnerable,Waist,2,Serpentshrine Cavern,Leotheras,epic,30096,https://tbc.wowhead.com/item=30096
Girdle of the Tidal Call,Waist,2,Serpentshrine Cavern,Morogrim,epic,30068,https://tbc.wowhead.com/item=30068
Belt of One-Hundred Deaths,Waist,2,Serpentshrine Cavern,Lady Vashj,epic,30106,https://tbc.wowhead.com/item=30106
Girdle of the Lightbearer,Waist,3,Black Temple,BT - Trash & Recipies,epic,32606,https://tbc.wowhead.com/item=32606
Naturalist's Preserving Cinch,Waist,3,Black Temple,BT - Supremus,epic,32258,https://tbc.wowhead.com/item=32258
Waistwrap of Infinity,Waist,3,Black Temple,BT - Supremus,epic,32256,https://tbc.wowhead.com/item=32256
Flashfire Girdle,Waist,3,Black Temple,BT - Shade,epic,32276,https://tbc.wowhead.com/item=32276
Shadow-walker's Cord,Waist,3,Black Temple,BT - Shade,epic,32265,https://tbc.wowhead.com/item=32265
Girdle of Lordaeron's Fallen,Waist,3,Black Temple,BT - Gorefiend,epic,32512,https://tbc.wowhead.com/item=32512
Girdle of Mighty Resolve,Waist,3,Black Temple,BT - Gurtogg,epic,32342,https://tbc.wowhead.com/item=32342
Girdle of Stability,Waist,3,Black Temple,BT - Gurtogg,epic,32333,https://tbc.wowhead.com/item=32333
Boneweave Girdle,Waist,3,Black Temple,BT - Reliquary,epic,32346,https://tbc.wowhead.com/item=32346
Belt of Divine Guidance,Waist,3,Black Temple,BT - Council,epic,32519,https://tbc.wowhead.com/item=32519
Anetheron's Noose,Waist,3,Hyjal Summit,MH - Anetheron,epic,30888,https://tbc.wowhead.com/item=30888
Don Alejandro's Money Belt,Waist,3,Hyjal Summit,MH - Anetheron,epic,30879,https://tbc.wowhead.com/item=30879
Angelista's Sash,Waist,3,Hyjal Summit,MH - Kaz'rogal,epic,30895,https://tbc.wowhead.com/item=30895
Belt of Seething Fury,Waist,3,Hyjal Summit,MH - Kaz'rogal,epic,30915,https://tbc.wowhead.com/item=30915
Belt of the Crescent Moon,Waist,3,Hyjal Summit,MH - Kaz'rogal,epic,30914,https://tbc.wowhead.com/item=30914
Valestalker Girdle,Waist,3,Hyjal Summit,MH - Kaz'rogal,epic,30919,https://tbc.wowhead.com/item=30919
Girdle of Hope,Waist,3,Hyjal Summit,MH - Azgalor,epic,30897,https://tbc.wowhead.com/item=30897
Crystalheart Pulse-Staff,Weapon,1,Magtheridon's Lair,Magtheridon,epic,28782,https://tbc.wowhead.com/item=28782
Glaive of the Pit,Weapon,1,Magtheridon's Lair,Magtheridon,epic,28774,https://tbc.wowhead.com/item=28774
Hammer of the Naaru,Weapon,1,Gruul's Lair,Maulgar,epic,28800,https://tbc.wowhead.com/item=28800
Axe of the Gronn Lords,Weapon,1,Gruul's Lair,Gruul,epic,28794,https://tbc.wowhead.com/item=28794
Bloodmaw Magus-Blade,Weapon,1,Gruul's Lair,Gruul,epic,28802,https://tbc.wowhead.com/item=28802
Emerald Ripper,Weapon,1,Karazhan,Moroes,epic,28524,https://tbc.wowhead.com/item=28524
Shard of the Virtuous,Weapon,1,Karazhan,Maiden,epic,28522,https://tbc.wowhead.com/item=28522
Big Bad Wolf's Paw,Weapon,1,Karazhan,Opera Event,epic,28584,https://tbc.wowhead.com/item=28584
Blade of the Unrequited,Weapon,1,Karazhan,Opera Event,epic,28572,https://tbc.wowhead.com/item=28572
Despair,Weapon,1,Karazhan,Opera Event,epic,28573,https://tbc.wowhead.com/item=28573
Legacy,Weapon,1,Karazhan,Opera Event,epic,28587,https://tbc.wowhead.com/item=28587
Staff of Infinite Mysteries,Weapon,1,Karazhan,The Curator,epic,28633,https://tbc.wowhead.com/item=28633
King's Defender,Weapon,1,Karazhan,Chess Event,epic,28749,https://tbc.wowhead.com/item=28749
Fool's Bane,Weapon,1,Karazhan,Illhoof,epic,28657,https://tbc.wowhead.com/item=28657
Terestian's Stranglestaff,Weapon,1,Karazhan,Illhoof,epic,28658,https://tbc.wowhead.com/item=28658
Spiteblade,Weapon,1,Karazhan,Netherspite,epic,28729,https://tbc.wowhead.com/item=28729
Nightstaff of the Everliving,Weapon,1,Karazhan,Nightbane,epic,28604,https://tbc.wowhead.com/item=28604
Gorehowl,Weapon,1,Karazhan,Malchezaar,epic,28773,https://tbc.wowhead.com/item=28773
Light's Justice,Weapon,1,Karazhan,Malchezaar,epic,28771,https://tbc.wowhead.com/item=28771
Malchazeen,Weapon,1,Karazhan,Malchezaar,epic,28768,https://tbc.wowhead.com/item=28768
Nathrezim Mindblade,Weapon,1,Karazhan,Malchezaar,epic,28770,https://tbc.wowhead.com/item=28770
The Decapitator,Weapon,1,Karazhan,Malchezaar,epic,28767,https://tbc.wowhead.com/item=28767
Claw of the Phoenix,Weapon,2,Tempest Keep,Al'ar,epic,29948,https://tbc.wowhead.com/item=29948
Netherbane,Weapon,2,Tempest Keep,Al'ar,epic,29924,https://tbc.wowhead.com/item=29924
Talon of the Phoenix,Weapon,2,Tempest Keep,Al'ar,epic,32944,https://tbc.wowhead.com/item=32944
Ethereum Life-Staff,Weapon,2,Tempest Keep,Solarian,epic,29981,https://tbc.wowhead.com/item=29981
Heartrazor,Weapon,2,Tempest Keep,Solarian,epic,29962,https://tbc.wowhead.com/item=29962
Rod of the Sun King,Weapon,2,Tempest Keep,Kael'thas,epic,29996,https://tbc.wowhead.com/item=29996
The Nexus Key,Weapon,2,Tempest Keep,Kael'thas,epic,29988,https://tbc.wowhead.com/item=29988
Twinblade of the Phoenix,Weapon,2,Tempest Keep,Kael'thas,epic,29993,https://tbc.wowhead.com/item=29993
Wildfury Greatstaff,Weapon,2,Serpentshrine Cavern,Trash,epic,30021,https://tbc.wowhead.com/item=30021
Mallet of the Tides,Weapon,2,Serpentshrine Cavern,Lurker Below,epic,30058,https://tbc.wowhead.com/item=30058
Fang of the Leviathan,Weapon,2,Serpentshrine Cavern,Leotheras,epic,30095,https://tbc.wowhead.com/item=30095
World Breaker,Weapon,2,Serpentshrine Cavern,Karathress,epic,30090,https://tbc.wowhead.com/item=30090
Talon of Azshara,Weapon,2,Serpentshrine Cavern,Morogrim,epic,30082,https://tbc.wowhead.com/item=30082
Fang of Vashj,Weapon,2,Serpentshrine Cavern,Lady Vashj,epic,30103,https://tbc.wowhead.com/item=30103
Lightfathom Scepter,Weapon,2,Serpentshrine Cavern,Lady Vashj,epic,30108,https://tbc.wowhead.com/item=30108
Claw of Molten Fury,Weapon,3,Black Temple,BT - Trash & Recipies,epic,32946,https://tbc.wowhead.com/item=32946
Fist of Molten Fury,Weapon,3,Black Temple,BT - Trash & Recipies,epic,32945,https://tbc.wowhead.com/item=32945
Hammer of Judgement,Weapon,3,Black Temple,BT - Trash & Recipies,epic,34009,https://tbc.wowhead.com/item=34009
Swiftsteel Bludgeon,Weapon,3,Black Temple,BT - Trash & Recipies,epic,32943,https://tbc.wowhead.com/item=32943
Halberd of Desolation,Weapon,3,Black Temple,BT - Naj'entus,epic,32248,https://tbc.wowhead.com/item=32248
Rising Tide,Weapon,3,Black Temple,BT - Naj'entus,epic,32236,https://tbc.wowhead.com/item=32236
The Maelstrom's Fury,Weapon,3,Black Temple,BT - Naj'entus,epic,32237,https://tbc.wowhead.com/item=32237
Syphon of the Nathrezim,Weapon,3,Black Temple,BT - Supremus,epic,32262,https://tbc.wowhead.com/item=32262
The Brutalizer,Weapon,3,Black Temple,BT - Supremus,epic,32254,https://tbc.wowhead.com/item=32254
Soul Cleaver,Weapon,3,Black Temple,BT - Gorefiend,epic,32348,https://tbc.wowhead.com/item=32348
Messenger of Fate,Weapon,3,Black Temple,BT - Gurtogg,epic,32269,https://tbc.wowhead.com/item=32269
Staff of Immaculate Recovery,Weapon,3,Black Temple,BT - Gurtogg,epic,32344,https://tbc.wowhead.com/item=32344
Torch of the Damned,Weapon,3,Black Temple,BT - Reliquary,epic,32332,https://tbc.wowhead.com/item=32332
Blade of Savagery,Weapon,3,Black Temple,BT - Shahraz,epic,32369,https://tbc.wowhead.com/item=32369
Crystal Spire of Karabor,Weapon,3,Black Temple,BT - Illidan,epic,32500,https://tbc.wowhead.com/item=32500
Shard of Azzinoth,Weapon,3,Black Temple,BT - Illidan,epic,32471,https://tbc.wowhead.com/item=32471
Warglaive of Azzinoth (mainhand),Weapon,3,Black Temple,BT - Illidan,legendary,32837,https://tbc.wowhead.com/item=32837
Warglaive of Azzinoth (offhand),Weapon,3,Black Temple,BT - Illidan,legendary,32838,https://tbc.wowhead.com/item=32838
"Zhar'doom, Greatstaff of the Devourer",Weapon,3,Black Temple,BT - Illidan,epic,32374,https://tbc.wowhead.com/item=32374
Claw of Molten Fury,Weapon,3,Hyjal Summit,MH - Trash & Recipies,epic,32946,https://tbc.wowhead.com/item=32946
Hammer of Judgement,Weapon,3,Hyjal Summit,MH - Trash & Recipies,epic,34009,https://tbc.wowhead.com/item=34009
Fel Edged Battleaxe,Weapon,3,Hyjal Summit,MH - Trash & Recipies,epic,23631,https://tbc.wowhead.com/item=23631
Tracker's Blade,Weapon,3,Hyjal Summit,MH - Winterchill,epic,30865,https://tbc.wowhead.com/item=30865
Blade of Infamy,Weapon,3,Hyjal Summit,MH - Anetheron,epic,30881,https://tbc.wowhead.com/item=30881
Pillar of Ferocity,Weapon,3,Hyjal Summit,MH - Anetheron,epic,30883,https://tbc.wowhead.com/item=30883
The Unbreakable Will,Weapon,3,Hyjal Summit,MH - Anetheron,epic,30874,https://tbc.wowhead.com/item=30874
Hammer of Atonement,Weapon,3,Hyjal Summit,MH - Kaz'rogal,epic,30918,https://tbc.wowhead.com/item=30918
Boundless Agony,Weapon,3,Hyjal Summit,MH - Azgalor,epic,30901,https://tbc.wowhead.com/item=30901
Apostle of Argus,Weapon,3,Hyjal Summit,MH - Archimonde,epic,30908,https://tbc.wowhead.com/item=30908
Cataclysm's Edge,Weapon,3,Hyjal Summit,MH - Archimonde,epic,30902,https://tbc.wowhead.com/item=30902
Tempest of Chaos,Weapon,3,Hyjal Summit,MH - Archimonde,epic,30910,https://tbc.wowhead.com/item=30910
Bladespire Warbands,Wrists,1,Gruul's Lair,Maulgar,epic,28795,https://tbc.wowhead.com/item=28795
Ravager's Bands,Wrists,1,Karazhan,Servants,epic,30686,https://tbc.wowhead.com/item=30686
Ravager's Bracers,Wrists,1,Karazhan,Servants,epic,30687,https://tbc.wowhead.com/item=30687
Ravager's Cuffs,Wrists,1,Karazhan,Servants,epic,30684,https://tbc.wowhead.com/item=30684
Ravager's Wrist-Wraps,Wrists,1,Karazhan,Servants,epic,30685,https://tbc.wowhead.com/item=30685
Bracers of the White Stag,Wrists,1,Karazhan,Attumen,epic,28453,https://tbc.wowhead.com/item=28453
Gauntlets of Renewed Hope,Wrists,1,Karazhan,Attumen,epic,28505,https://tbc.wowhead.com/item=28505
Harbinger Bands,Wrists,1,Karazhan,Attumen,epic,28477,https://tbc.wowhead.com/item=28477
Stalker's War Bands,Wrists,1,Karazhan,Attumen,epic,28454,https://tbc.wowhead.com/item=28454
Vambraces of Courage,Wrists,1,Karazhan,Attumen,epic,28502,https://tbc.wowhead.com/item=28502
Whirlwind Bracers,Wrists,1,Karazhan,Attumen,epic,28503,https://tbc.wowhead.com/item=28503
Bands of Indwelling,Wrists,1,Karazhan,Maiden,epic,28511,https://tbc.wowhead.com/item=28511
Bands of Nefarious Deeds,Wrists,1,Karazhan,Maiden,epic,28515,https://tbc.wowhead.com/item=28515
Bracers of Justice,Wrists,1,Karazhan,Maiden,epic,28512,https://tbc.wowhead.com/item=28512
Bracers of Maliciousness,Wrists,1,Karazhan,Maiden,epic,28514,https://tbc.wowhead.com/item=28514
Bands of the Celestial Archer,Wrists,2,Tempest Keep,Trash,epic,30026,https://tbc.wowhead.com/item=30026
Mindstorm Wristbands,Wrists,2,Tempest Keep,Al'ar,epic,29918,https://tbc.wowhead.com/item=29918
Wristguards of Determination,Wrists,2,Tempest Keep,Void Reaver,epic,32515,https://tbc.wowhead.com/item=32515
Vambraces of Ending,Wrists,2,Tempest Keep,Solarian,epic,29966,https://tbc.wowhead.com/item=29966
Blackfathom Warbands,Wrists,2,Serpentshrine Cavern,Hydross,epic,30047,https://tbc.wowhead.com/item=30047
Wraps of Purification,Wrists,2,Serpentshrine Cavern,Hydross,epic,32516,https://tbc.wowhead.com/item=32516
Bracers of Eradication,Wrists,2,Serpentshrine Cavern,Lurker Below,epic,30057,https://tbc.wowhead.com/item=30057
Grove-Bands of Remulos,Wrists,2,Serpentshrine Cavern,Lurker Below,epic,30062,https://tbc.wowhead.com/item=30062
True-Aim Stalker Bands,Wrists,2,Serpentshrine Cavern,Leotheras,epic,30091,https://tbc.wowhead.com/item=30091
Bracers of Nimble Thought,Wrists,3,Black Temple,BT - Trash & Recipies,epic,32754,https://tbc.wowhead.com/item=32754
Bracers of Renewed Life,Wrists,3,Black Temple,BT - Trash & Recipies,epic,32744,https://tbc.wowhead.com/item=32744
Living Earth Bindings,Wrists,3,Black Temple,BT - Trash & Recipies,epic,32750,https://tbc.wowhead.com/item=32750
Dawnsteel Bracers,Wrists,3,Black Temple,BT - Trash & Recipies,epic,32738,https://tbc.wowhead.com/item=32738
Eternium Shell Bracers,Wrists,3,Black Temple,BT - Naj'entus,epic,32232,https://tbc.wowhead.com/item=32232
Bands of the Coming Storm,Wrists,3,Black Temple,BT - Supremus,epic,32259,https://tbc.wowhead.com/item=32259
Wraps of Precise Flight,Wrists,3,Black Temple,BT - Supremus,epic,32251,https://tbc.wowhead.com/item=32251
Focused Mana Bindings,Wrists,3,Black Temple,BT - Shade,epic,32270,https://tbc.wowhead.com/item=32270
The Seeker's Wristguards,Wrists,3,Black Temple,BT - Shade,epic,32279,https://tbc.wowhead.com/item=32279
Wristbands of Divine Influence,Wrists,3,Black Temple,BT - Shade,epic,32513,https://tbc.wowhead.com/item=32513
Insidious Bands,Wrists,3,Black Temple,BT - Gorefiend,epic,32324,https://tbc.wowhead.com/item=32324
Elunite Empowered Bracers,Wrists,3,Black Temple,BT - Reliquary,epic,32351,https://tbc.wowhead.com/item=32351
Bindings of Lightning Reflexes,Wrists,3,Hyjal Summit,MH - Trash & Recipies,epic,32748,https://tbc.wowhead.com/item=32748
Swiftheal Wraps,Wrists,3,Hyjal Summit,MH - Trash & Recipies,epic,32752,https://tbc.wowhead.com/item=32752
Swiftstrike Bracers,Wrists,3,Hyjal Summit,MH - Trash & Recipies,epic,32746,https://tbc.wowhead.com/item=32746
Swiftsteel Bracers,Wrists,3,Hyjal Summit,MH - Trash & Recipies,epic,32736,https://tbc.wowhead.com/item=32736
Blessed Adamantite Bracers,Wrists,3,Hyjal Summit,MH - Winterchill,epic,30862,https://tbc.wowhead.com/item=30862
Bracers of Martyrdom,Wrists,3,Hyjal Summit,MH - Winterchill,epic,30871,https://tbc.wowhead.com/item=30871
Bracers of the Pathfinder,Wrists,3,Hyjal Summit,MH - Winterchill,epic,30864,https://tbc.wowhead.com/item=30864
Cuffs of Devastation,Wrists,3,Hyjal Summit,MH - Winterchill,epic,30870,https://tbc.wowhead.com/item=30870
Deadly Cuffs,Wrists,3,Hyjal Summit,MH - Winterchill,epic,30863,https://tbc.wowhead.com/item=30863
Furious Shackles,Wrists,3,Hyjal Summit,MH - Winterchill,epic,30861,https://tbc.wowhead.com/item=30861
Howling Wind Bracers,Wrists,3,Hyjal Summit,MH - Winterchill,epic,30869,https://tbc.wowhead.com/item=30869
Rejuvenating Bracers,Wrists,3,Hyjal Summit,MH - Winterchill,epic,30868,https://tbc.wowhead.com/item=30868
